build_id,date,time_seconds,time_minutes,platform,python_version,branch,commit_sha
1,2025-10-25,1043,17.38,ubuntu-latest,3.11,main,abc123de
2,2025-10-25,1005,16.75,ubuntu-latest,3.11,main,abc123de
3,2025-10-25,1092,18.20,ubuntu-latest,3.11,main,def456ab
4,2025-10-26,1076,17.93,ubuntu-latest,3.11,main,def456ab
5,2025-10-26,1143,19.05,ubuntu-latest,3.11,main,ghi789cd
6,2025-10-26,992,16.53,ubuntu-latest,3.11,main,ghi789cd
7,2025-10-27,1068,17.80,ubuntu-latest,3.11,main,jkl012ef
8,2025-10-27,1105,18.42,ubuntu-latest,3.11,main,jkl012ef
9,2025-10-27,1031,17.18,ubuntu-latest,3.11,main,mno345gh
10,2025-10-28,1018,16.97,ubuntu-latest,3.11,main,mno345gh
11,2025-10-28,1114,18.57,ubuntu-latest,3.11,main,pqr678ij
12,2025-10-28,1042,17.37,ubuntu-latest,3.11,main,pqr678ij
13,2025-10-29,1002,16.70,ubuntu-latest,3.11,main,stu901kl
14,2025-10-29,1155,19.25,ubuntu-latest,3.11,main,stu901kl
15,2025-10-29,1058,17.63,ubuntu-latest,3.11,main,vwx234mn
16,2025-10-29,1081,18.02,ubuntu-latest,3.11,main,vwx234mn
17,2025-10-30,1049,17.48,ubuntu-latest,3.11,main,yza567op
18,2025-10-30,1015,16.92,ubuntu-latest,3.11,main,yza567op
19,2025-10-30,1099,18.32,ubuntu-latest,3.11,main,bcd890qr
20,2025-10-30,1064,17.73,ubuntu-latest,3.11,main,bcd890qr
21,2025-10-31,1088,18.13,ubuntu-latest,3.11,main,efg123st
22,2025-10-31,999,16.65,ubuntu-latest,3.11,main,efg123st
23,2025-10-31,1072,17.87,ubuntu-latest,3.11,main,hij456uv
24,2025-10-31,1108,18.47,ubuntu-latest,3.11,main,hij456uv
25,2025-11-01,1035,17.25,ubuntu-latest,3.11,main,klm789wx
26,2025-11-01,1162,19.37,ubuntu-latest,3.11,main,klm789wx
27,2025-11-01,1026,17.10,ubuntu-latest,3.11,main,nop012yz
28,2025-11-01,1125,18.75,ubuntu-latest,3.11,main,nop012yz
29,2025-11-01,1008,16.80,ubuntu-latest,3.11,main,qrs345ab
30,2025-11-01,1053,17.55,ubuntu-latest,3.11,main,qrs345ab
31,2025-11-01,1091,18.18,ubuntu-latest,3.11,main,tuv678cd
32,2025-11-01,1079,17.98,ubuntu-latest,3.11,main,tuv678cd
